﻿S/N,QUESTION,OPTION1,OPTION2,OPTION3,OPTION4,ANSWER
1,There is none holy as the Lord: for there is none beside thee: neither is there any rock like our God.,1SAMUEL 2:2,1SAMUEL 2:3,1SAMUEL 2:4,1SAMUEL 2:5,1
2,"Talk no more so exceeding proudly; let not arrogancy come out of your mouth: for the Lord is a God of knowledge, and by him actions are weighed.",1SAMUEL 2:2,1SAMUEL 2:3,1SAMUEL 2:4,1SAMUEL 2:5,2
3,"The Lord killeth and maketh alive: he bringeth down to the grave, and bringeth up.",1SAMUEL 2:3,1SAMUEL 2:4,1SAMUEL 2:5,1SAMUEL 2:6,4
4,"The Lord maketh poor, and maketh rich: he bringeth low, and lifteth up.",1SAMUEL 2:5,1SAMUEL 2:6,1SAMUEL 2:7,1SAMUEL 2:8,3
5,"He raiseth up the poor out of the dust, and lifteth up the beggar from the dunghill, to set them among princes, and to make them inherit the throne of glory: for the pillars of the earth are the Lord's, and he hath set the world upon them.",1SAMUEL 2:7,1SAMUEL 2:8,1SAMUEL 2:9,1SAMUEL 2:10,2
6,"He will keep the feet of his saints, and the wicked shall be silent in darkness; for by strength shall no man prevail.",1SAMUEL 2:8,1SAMUEL 2:9,1SAMUEL 2:10,1SAMUEL 2:11,3
7,"And Samuel said, Hath the Lord as great delight in burnt offerings and sacrifices, as in obeying the voice of the Lord? Behold, to obey is better than sacrifice, and to hearken than the fat of rams.",1SAMUEL 15:21,1SAMUEL 15:22,1SAMUEL 15:23,1SAMUEL 15:24,2
8,"For rebellion is as the sin of witchcraft, and stubbornness is as iniquity and idolatry. Because thou hast rejected the word of the Lord, he hath also rejected thee from being king.",1SAMUEL 15:21,1SAMUEL 15:22,1SAMUEL 15:23,1SAMUEL 15:24,3