﻿S/N,QUESTION,OPTION1,OPTION2,OPTION3,OPTION4,ANSWER
1,"I will call on the Lord, who is worthy to be praised: so shall I be saved from my enemies.",2SAMUEL 22:4,2SAMUEL 22:5,2SAMUEL 22:6,2SAMUEL 22:7,1
2,He maketh my feet like hinds' feet: and setteth me upon my high places.,2SAMUEL 22:34,2SAMUEL 22:35,2SAMUEL 22:36,2SAMUEL 22:37,1
3,He teacheth my hands to war so that a bow of steel is broken by mine arms.,2SAMUEL 22:34,2SAMUEL 22:35,2SAMUEL 22:36,2SAMUEL 22:37,2
4,"Strangers shall submit themselves unto me: as soon as they hear, they shall be obedient unto me.",2SAMUEL 22:43,2SAMUEL 22:44,2SAMUEL 22:45,2SAMUEL 22:46,3
5,"Strangers shall fade away, and they shall be afraid out of their close places.",2SAMUEL 22:43,2SAMUEL 22:44,2SAMUEL 22:45,2SAMUEL 22:46,4
6,"The Spirit of the Lord spake by me, and his word was in my tongue.",2SAMUEL 23:2,2SAMUEL 23:3,2SAMUEL 23:4,2SAMUEL 23:5,1