﻿S/N,QUESTION,OPTION1,OPTION2,OPTION3,OPTION4,ANSWER
1,"And the Lord answered me and said, Write the visio, and make it plain upon tables, that he may run that readeth it.",HABAKKUK 2:1,HABAKKUK 2:2,HABAKKUK 2:3,HABAKKUK 2:4,2
2,"For the vision is yet for an appointed time, but at the end it shall speak, and not lie: though it tarry, wait for it; because it will surely come, it will not tarry.",HABAKKUK 2:1,HABAKKUK 2:2,HABAKKUK 2:3,HABAKKUK 2:20,3
3,But the Lord is in his holy temple: let all the earth keep silence before him.,HABAKKUK 2:1,HABAKKUK 2:2,HABAKKUK 2:4,HABAKKUK 2:20,4
4,"O Lord, I have heard thy speech, and was afraid: O Lord, I have heard thy speech, and was afraid: O Lord, revive thy work in the midst of the years make known; in wrath remember mercy.",HABAKKUK 2:2,HABAKKUK 3:2,HABAKKUK 3:17,HABAKKUK 3:19,2
5,"The Lord God is my strength, and he will make my feet like hinds' feet, and he will make me to walk upon mine high places. To the chief singer on my stringed instrument.",HABAKKUK 2:2,HABAKKUK 3:2,HABAKKUK 3:17,HABAKKUK 3:19,4