﻿S/N,QUESTION,OPTION1,OPTION2,OPTION3,OPTION4,ANSWER
1,"My people are destroyed for lack of knowledge: because thou hast rejected knowledge, I will also reject thee, that thou shalt be no priest to me: seeing thou hast forgotten the law of thy God, I will also forget thy children.",HOSEA 4:6,HOSEA 4:17,HOSEA 6:4,HOSEA 12:6,1
2,Ephraim is joined to idols: let him alone.,HOSEA 4:6,HOSEA 4:17,HOSEA 6:4,HOSEA 12:6,2
3,"The days of visitation are come, the days of recompence are come; Israel shall know it: the prophet is a fool, the spiritual man is mad, for the multitude of thine iniquity, and the great hatred.",HOSEA 4:17,HOSEA 9:7,HOSEA 12:6,HOSEA 14:9,2
4,Therefore turn thou to thy God: keep mercy and judgment and wait on thy God continually.,HOSEA 4:6,HOSEA 4:17,HOSEA 6:4,HOSEA 12:6,4
5,"Who is wise, and he shall understand these things? Prudent, and he shall know them? For the ways of the Lord are right, and the just shall walk in them: but the transgressors shall fall therein.",HOSEA 4:6,HOSEA 4:17,HOSEA 12:6,HOSEA 14:9,4