﻿S/N,QUESTION,OPTION1,OPTION2,OPTION3,OPTION4,ANSWER
1,"And I will restore to you the years that the locust hath eaten, the cankerworm, and the caterpiller, and the palmerworm, my great army which I sent among you.",JOEL 2:25,JOEL 2:26,JOEL 2:27,JOEL 2:28,1
2,"And ye shall eat in plenty, and be satisfied, and praise the name of the Lord your God, that hath dealt wondrously with you: and my people shall never be ashamed.",JOEL 2:25,JOEL 2:26,JOEL 2:27,JOEL 2:28,2
3,"And it shall come to pass afterward, that I will pour out my spirit upon all flesh; and your sons and your daughters shall prophesy, your old men shall dream dreams, your young men shall see visions:",JOEL 2:25,JOEL 2:27,JOEL 2:28,JOEL 2:29,3
4,And also upon the servants and upon the handmaids in those days will I pour out my spirit.,JOEL 2:25,JOEL 2:27,JOEL 2:28,JOEL 2:29,4
5,"And it shall come to pass, that whosoever shall call on the name of the Lord shall be delivered: for in mount Zion and in Jerusalem shall be deliverance, as the Lord hath said, and in the remnant whom the Lord shall call.",JOEL 2:27,JOEL 2:28,JOEL 2:29,JOEL 2:32,4
6,"Beat your plowshares into swords, and your pruninghooks into spears: let the weak say, I am strong.",JOEL 2:10,JOEL 3:10,JOEL 3:17,JOEL 3:21,2