﻿S/N,QUESTION,OPTION1,OPTION2,OPTION3,OPTION4,ANSWER
1,"Every place that the sole of your foot shall tread upon, that have I given unto you, as I said unto Moses.",JOSHUA 1:3,JOSHUA 1:5,JOSHUA 1:7,JOSHUA 1:8,1
2,"There shall not any man be able to stand before thee all the days of thy life: as I was with Moses, so I willbe with thee: I will not fail thee, nor forsake thee.",JOSHUA 1:5,JOSHUA 1:6,JOSHUA 1:7,JOSHUA 1:8,1
3,"This book of the Law shall not depart out of thy mouth; but thou shalt meditate therein day and night, that thou mayest observe to do according to all that is written therein: for then thou shalt make thy way prosperous, and then thou shalt have good success.",JOSHUA 1:5,JOSHUA 1:6,JOSHUA 1:7,JOSHUA 1:8,4
4,"Have I not commaded thee? Be strong and of a good courage; be not afraid, neither be thou dismayed: for the Lord thy God is with thee whithersoever thou goest.",JOSHUA 1:7,JOSHUA 1:8,JOSHUA 1:9,JOSHUA 1:10,3
5,"And the Lord said to Joshua, Fear them not: for I have delivered them into thine hand; there shall not a man of them stand before thee.",JOSHUA 10:8,JOSHUA 23:10,JOSHUA 24:14,JOSHUA 24:15,1
6,"Now therefore fear the Lord, and serve him in sincerity and in truth: and put away the gods which your fathers served on the other side of the flood, and in Egypt; and serve ye the Lord.",JOSHUA 10:9,JOSHUA 23:11,JOSHUA 24:14,JOSHUA 24:15,3
7,"And if it seem evil unto you to serve the Lord, choose you this day whom ye will serve; whether the gods which your fathers served that were on the other side of the flood, or the gods of the Amorites, in whose land ye dwell: but as for me and my house, we will serve the Lord.",JOSHUA 10:10,JOSHUA 23:12,JOSHUA 24:14,JOSHUA 24:15,4
8,"One man of you shall chase a thousand: for the Lord your God, he it is that fighteth for you, as he hath promised you.",JOSHUA 20:10,JOSHUA 22:10,JOSHUA 23:10,JOSHUA 24:10,3