﻿S/N,QUESTION,OPTION1,OPTION2,OPTION3,OPTION4,ANSWER
1,"And in the morning, rising up a great while before day, he went out, and departed into a solitary place, and there prayed.",MARK 1:35,MARK 10:9,MARK 11:24,MARK 13:31,1
2,"What therefore God hath joined together, let not man put asunder.",MARK 1:35,MARK 10:9,MARK 11:24,MARK 13:31,2
3,"Therefore I say unto you, What things soever ye desire, when ye pray, believe that ye receive them, and ye shall have them.",MARK 1:35,MARK 10:9,MARK 11:24,MARK 13:31,3
4,Heaven and earth shall pass away: but my words shall not pass away.,MARK 1:35,MARK 11:24,MARK 13:31,MARK 13:37,3
5,"And what I say unto you I say unto all, Watch.",MARK 1:35,MARK 11:24,MARK 13:31,MARK 13:37,4
6,"And he said unto them, Go ye into all the world, and preach the gospel to every creature.",MARK 16:15,MARK 16:16,MARK 16:17,MARK 16:18,1
7,He that believeth and is baptized shall be saved; but he that believeth not shall be damned.,MARK 16:15,MARK 16:16,MARK 16:17,MARK 16:18,2
8,And these signs shall follow them that believ; In my name shall they cast out devils; they shall speak with new tongues;,MARK 16:15,MARK 16:16,MARK 16:17,MARK 16:18,3
9,"They shall take up serpents; and if they drink any deadly thing, it shall not hurt them; they shall lay hands on the sick, and they shall recover.",MARK 16:15,MARK 16:16,MARK 16:17,MARK 16:18,4